Category,Composition
CANCER CARE,ABEMACICLIB
CANCER CARE,ABIRATERONE ACETATE
CANCER CARE,ADO-TRASTUZUMAB EMTANSINE
CANCER CARE,AFATINIB DIMALEATE
CANCER CARE,ALBUMIN BOUND PACLITAXEL
CANCER CARE,ALECTINIB HYDROCHLORIDE
CANCER CARE,ALEMTUZUMAB
CANCER CARE,ALPELISIB
CANCER CARE,AMIVANTAMAB
CANCER CARE,ANASTROZOLE
CANCER CARE,APALUTAMIDE
CANCER CARE,ARSENIC TRIOXIDE
CANCER CARE,ASCIMINIB
CANCER CARE,ASPARAGINASE
CANCER CARE,ATEZOLIZUMAB
CANCER CARE,AVELUMAB
CANCER CARE,AXITINIB
CANCER CARE,AZACITIDINE
CANCER CARE,BENDAMUSTINE
CANCER CARE,BEVACIZUMAB
CANCER CARE,BICALUTAMIDE
CANCER CARE,BLEOMYCIN
CANCER CARE,BORTEZOMIB
CANCER CARE,BOSUTINIB
CANCER CARE,BRENTUXIMAB VEDOTIN
CANCER CARE,BRIGATINIB
CANCER CARE,BUSERELIN
CANCER CARE,BUSULFAN
CANCER CARE,CABAZITAXEL
CANCER CARE,CABOZANTINIB
CANCER CARE,CAPECITABINE
CANCER CARE,CAPECITABINE AND CYCLOPHOSPHAMIDE
CANCER CARE,CAPMATINIB
CANCER CARE,CARBOPLATIN
CANCER CARE,CARFILZOMIB
CANCER CARE,CARMUSTINE
CANCER CARE,CERITINIB
CANCER CARE,CETUXIMAB
CANCER CARE,CHLORAMBUCIL
CANCER CARE,CISPLATIN
CANCER CARE,CLADRIBINE
CANCER CARE,CRIZOTINIB
CANCER CARE,CYCLOPHOSPHAMIDE
CANCER CARE,CYTARABINE
CANCER CARE,DABRAFENIB
CANCER CARE,DACARBAZINE
CANCER CARE,DACOMITINIB
CANCER CARE,DACTINOMYCIN
CANCER CARE,DARATUMUMAB
CANCER CARE,DAROLUTAMIDE
CANCER CARE,DASATINIB
CANCER CARE,DAUNORUBICIN
CANCER CARE,DECITABINE
CANCER CARE,DEGARELIX
CANCER CARE,DOCETAXEL
CANCER CARE,DOSTARLIMAB
CANCER CARE,DOXORUBICIN
CANCER CARE,DURVALUMAB
CANCER CARE,ELTROMBOPAG
CANCER CARE,ENFORTUMAB VEDOTIN
CANCER CARE,ENZALUTAMIDE
CANCER CARE,EPIRUBICIN
CANCER CARE,ERDAFITINIB
CANCER CARE,ERIBULIN
CANCER CARE,ERLOTINIB
CANCER CARE,ESTRAMUSTINE
CANCER CARE,ETOPOSIDE
CANCER CARE,EVEROLIMUS
CANCER CARE,EXEMESTANE
CANCER CARE,FARICIMAB
CANCER CARE,FILGRASTIM
CANCER CARE,FLUDARABINE
CANCER CARE,FLUOROURACIL
CANCER CARE,FLUTAMIDE
CANCER CARE,FULVESTRANT
CANCER CARE,GEFITINIB
CANCER CARE,GEMCITABINE
CANCER CARE,GILTERITINIB
CANCER CARE,GOSERELIN ACETATE
CANCER CARE,GRANULOCYTE COLONY STIMULATING FACTOR
CANCER CARE,HYDROXYUREA
CANCER CARE,IBRUTINIB
CANCER CARE,IDARUBICIN
CANCER CARE,IDELALISIB
CANCER CARE,IFOSFAMIDE
CANCER CARE,"IFOSFAMIDE,MESNA"
CANCER CARE,IMATINIB
CANCER CARE,INOTUZUMAB OZOGAMICIN
CANCER CARE,IPILIMUMAB
CANCER CARE,IRINOTECAN
CANCER CARE,IVOSIDENIB
CANCER CARE,L-ASPARAGINASE
CANCER CARE,LAPATINIB
CANCER CARE,LENALIDOMIDE
CANCER CARE,LENVATINIB
CANCER CARE,LETROZOLE
CANCER CARE,LEUPROLIDE ACETATE
CANCER CARE,LIPOSOMAL DOXORUBICIN
CANCER CARE,LOMUSTINE
CANCER CARE,LORLATINIB
CANCER CARE,LUSPATERCEPT
CANCER CARE,MELPHALAN
CANCER CARE,MERCAPTOPURINE
CANCER CARE,METHOTREXATE
CANCER CARE,MIDOSTAURIN
CANCER CARE,MITOMYCIN
CANCER CARE,MITOXANTRONE
CANCER CARE,NELARABINE
CANCER CARE,NILOTINIB
CANCER CARE,NILUTAMIDE
CANCER CARE,NIRAPARIB
CANCER CARE,NIVOLUMAB
CANCER CARE,OBINUTUZUMAB
CANCER CARE,OFATUMUMAB
CANCER CARE,OLAPARIB
CANCER CARE,OSIMERTINIB
CANCER CARE,OXALIPLATIN
CANCER CARE,PACLITAXEL
CANCER CARE,"PACLITAXEL,HUMAN ALBUMIN"
CANCER CARE,PALBOCICLIB
CANCER CARE,PANITUMUMAB
CANCER CARE,PAZOPANIB
CANCER CARE,PEG L-ASPARAGINASE
CANCER CARE,PEGASPARGASE
CANCER CARE,PEGFILGRASTIM
CANCER CARE,PEGYLATED GRANULOCYTE COLONY STIMULATING FACTOR
CANCER CARE,PEGYLATED LIPOSOMAL DOXORUBICIN
CANCER CARE,PEGYLATED LIPOSOMAL IRINOTECAN
CANCER CARE,PEMBROLIZUMAB
CANCER CARE,PEMETREXED
CANCER CARE,"PERTUZUMAB,TRASTUZUMAB"
CANCER CARE,PLERIXAFOR
CANCER CARE,POLATUZUMAB VEDOTIN
CANCER CARE,POMALIDOMIDE
CANCER CARE,PROCARBAZINE
CANCER CARE,RAMUCIRUMAB
CANCER CARE,RASBURICASE
CANCER CARE,REGORAFENIB
CANCER CARE,RELUGOLIX
CANCER CARE,RIBOCICLIB
CANCER CARE,RITUXIMAB
CANCER CARE,ROMIPLOSTIM
CANCER CARE,RUCAPARIB
CANCER CARE,RUXOLITINIB
CANCER CARE,SARGRAMOSTIM
CANCER CARE,SELUMETINIB
CANCER CARE,SORAFENIB
CANCER CARE,SUNITINIB
CANCER CARE,TAMOXIFEN CITRATE
CANCER CARE,TECLISTAMAB
CANCER CARE,"TEGAFUR,GIMERACIL,OTERACIL"
CANCER CARE,"TEGAFUR,URACIL"
CANCER CARE,TEMOZOLAMIDE
CANCER CARE,TEMOZOLOMIDE
CANCER CARE,THALIDOMIDE
CANCER CARE,THIOGUANINE
CANCER CARE,THIOTEPA
CANCER CARE,TOPOTECAN
CANCER CARE,TORIPALIMAB
CANCER CARE,TRABECTEDIN
CANCER CARE,TRAMETINIB
CANCER CARE,TRASTUZUMAB
CANCER CARE,TRASTUZUMAB DERUXTECAN
CANCER CARE,TRASTUZUMAB EMTANSINE
CANCER CARE,TREMELIMUMAB
CANCER CARE,TREOSULFAN
CANCER CARE,TRIFLURIDINE AND TIPIRACIL
CANCER CARE,TRIPTORELIN
CANCER CARE,TUCATINIB
CANCER CARE,VENETOCLAX
CANCER CARE,VINBLASTINE
CANCER CARE,VINCRISTINE SULPHATE
CANCER CARE,VINORELBINE
CANCER CARE,VORASIDENIB
HIV CARE,ABACAVIR
HIV CARE,"ABACAVIR,DOLUTEGRAVIR,LAMIVUDINE"
HIV CARE,"ABACAVIR,LAMIVUDINE"
HIV CARE,ATAZANAVIR
HIV CARE,"ATAZANAVIR,EMTRICITABINE,RITONAVIR,TENOFOVIR DISOPROXIL FUMARATE"
HIV CARE,"ATAZANAVIR,LAMIVUDINE,RITONAVIR,TENOFOVIR DISOPROXIL FUMARATE"
HIV CARE,"ATAZANAVIR,LAMIVUDINE,RITONAVIR,ZIDOVUDINE"
HIV CARE,"ATAZANAVIR,RITONAVIR"
HIV CARE,"BICTEGRAVIR,EMTRICITABINE,TENOFOVIR ALAFENAMIDE"
HIV CARE,DARUNAVIR
HIV CARE,"DARUNAVIR,RITONAVIR"
HIV CARE,"DOCARAVIMAB,MIROMAVIMAB"
HIV CARE,DOLUTEGRAVIR
HIV CARE,"DOLUTEGRAVIR,EMTRICITABINE,TENOFOVIR ALAFENAMIDE"
HIV CARE,"DOLUTEGRAVIR,LAMIVUDINE"
HIV CARE,"DOLUTEGRAVIR,LAMIVUDINE,TENOFOVIR DISOPROXIL FUMARATE"
HIV CARE,EFAVIRENZ
HIV CARE,"EFAVIRENZ,EMTRICITABINE,TENOFOVIR DISOPROXIL FUMARATE"
HIV CARE,"EFAVIRENZ,LAMIVUDINE,STAVUDINE"
HIV CARE,"EFAVIRENZ,LAMIVUDINE,TENOFOVIR DISOPROXIL FUMARATE"
HIV CARE,"EFAVIRENZ,LAMIVUDINE,ZIDOVUDINE"
HIV CARE,"EMTRICITABINE,TENOFOVIR ALAFENAMIDE"
HIV CARE,"EMTRICITABINE,TENOFOVIR DISOPROXIL FUMARATE"
HIV CARE,LAMIVUDINE
HIV CARE,"LAMIVUDINE,NEVIRAPINE,STAVUDINE"
HIV CARE,"LAMIVUDINE,NEVIRAPINE,TENOFOVIR DISOPROXIL FUMARATE"
HIV CARE,"LAMIVUDINE,NEVIRAPINE,ZIDOVUDINE"
HIV CARE,"LAMIVUDINE,STAVUDINE"
HIV CARE,"LAMIVUDINE,TENOFOVIR DISOPROXIL FUMARATE"
HIV CARE,"LAMIVUDINE,TENOFOVIR DISOPROXIL FUMARATE,EFAVIRENZ"
HIV CARE,"LAMIVUDINE,ZIDOVUDINE"
HIV CARE,"LOPINAVIR,RITONAVIR"
HIV CARE,MARAVIROC
HIV CARE,NEVIRAPINE
HIV CARE,RALTEGRAVIR
HIV CARE,ZIDOVUDINE
HEPATITIS B CARE,"DIPHTHERIA TETANUS,HAEMOPHIL,HEPATITIS-B,PERTUSSIS,POLIYOMYELITIS"
HEPATITIS B CARE,ENTECAVIR
HEPATITIS B CARE,HEPATITIS B IMMUNOGLOBULIN VACCINE
HEPATITIS B CARE,HEPATITIS B VACCINE
HEPATITIS B CARE,HUMAN HEPATITIS B IMMUNOGLOBULIN
HEPATITIS B CARE,TENOFOVIR ALAFENAMIDE
HEPATITIS B CARE,TENOFOVIR DISOPROXIL FUMARATE
HEPATITIS C CARE,DACLATASVIR
HEPATITIS C CARE,"DACLATASVIR,SOFOSBUVIR"
HEPATITIS C CARE,"LEDIPASVIR,SOFOSBUVIR"
HEPATITIS C CARE,SOFOSBUVIR
HEPATITIS C CARE,"SOFOSBUVIR,DACLASTAVIR"
HEPATITIS C CARE,"SOFOSBUVIR,VELPATASVIR"
